{
  "import_time_s": 2.0816012079994834,
  "bundle_size_mb": 1378.903016090393,
  "startup_time_s": 999.0,
  "ttft_ms": 120.0,
  "tps": 50.0
}